<?xml version="1.0" encoding="utf-8" ?>
<odoo>
    <record id="l10n_ec.tax_group_vat_12" model="account.tax.group">
        <field name="l10n_ec_xml_fe_code">2</field>
    </record>
    <record id="l10n_ec.tax_group_vat14" model="account.tax.group">
        <field name="l10n_ec_xml_fe_code">2</field>
    </record>
    <record id="l10n_ec.tax_group_vat0" model="account.tax.group">
        <field name="l10n_ec_xml_fe_code">2</field>
    </record>
    <record id="l10n_ec.tax_group_vat_not_charged" model="account.tax.group">
        <field name="l10n_ec_xml_fe_code">2</field>
    </record>
    <record id="l10n_ec.tax_group_vat_excempt" model="account.tax.group">
        <field name="l10n_ec_xml_fe_code">2</field>
    </record>
    <record id="l10n_ec.tax_group_withhold_income" model="account.tax.group">
        <field name="l10n_ec_xml_fe_code">1</field>
    </record>
    <record id="l10n_ec.tax_group_withhold_vat" model="account.tax.group">
        <field name="l10n_ec_xml_fe_code">2</field>
    </record>
    <record id="l10n_ec.tax_group_ice" model="account.tax.group">
        <field name="l10n_ec_xml_fe_code">3</field>
    </record>
    <record id="l10n_ec.tax_group_irbpnr" model="account.tax.group">
        <field name="l10n_ec_xml_fe_code">5</field>
    </record>
    <record id="l10n_ec.tax_group_outflows" model="account.tax.group">
        <field name="l10n_ec_xml_fe_code">6</field>
    </record>
</odoo>
